,N of iteration,Number of discovered cells,Number of newly discovered cells,Pose of robot in origin frame,Pose of origin in map frame,Map resolution,Time passed
0,1,792,792,"{'x': 3.3688319505815, 'y': 3.503356447454905}","{'x': -4.0888070048455685, 'y': -0.4463751223053678}",0.15000000596046448,0:0
0,2,792,0,"{'x': 3.3688319505815, 'y': 3.503356447454905}","{'x': -4.0888070048455685, 'y': -0.4463751223053678}",0.15000000596046448,0:18
0,3,1030,238,"{'x': 3.8101506742678115, 'y': 1.7892390817255863}","{'x': -4.301589104836575, 'y': -0.7347017633505999}",0.15000000596046448,0:18
0,4,1030,0,"{'x': 3.8101506742678115, 'y': 1.7892390817255863}","{'x': -4.301589104836575, 'y': -0.7347017633505999}",0.15000000596046448,0:41
0,5,1099,69,"{'x': 1.4576717495566354, 'y': 4.223998304592993}","{'x': -4.301589104836575, 'y': -0.7347017633505999}",0.15000000596046448,0:42
0,6,1099,0,"{'x': 1.4576717495566354, 'y': 4.223998304592993}","{'x': -4.301589104836575, 'y': -0.7347017633505999}",0.15000000596046448,1:7
