,N of iteration,Number of discovered cells,Number of newly discovered cells,Pose of robot in origin frame,Pose of origin in map frame,Map resolution,Time passed
0,1,618,618,"{'x': 3.4571350433995844, 'y': 2.2679826226656803}","{'x': -4.13882603432442, 'y': -0.9564196076815494}",0.150000005960464,0:0
0,2,618,0,"{'x': 3.4571350433995844, 'y': 2.2679826226656803}","{'x': -4.13882603432442, 'y': -0.9564196076815494}",0.150000005960464,0:0
0,3,618,0,"{'x': 3.4571350433995844, 'y': 2.2679826226656803}","{'x': -4.13882603432442, 'y': -0.9564196076815494}",0.150000005960464,0:23
0,4,844,226,"{'x': 4.773059675544124, 'y': 0.6926796910930537}","{'x': -4.13882603432442, 'y': -1.1389701197789344}",0.150000005960464,0:24
0,5,844,0,"{'x': 4.773059675544124, 'y': 0.6926796910930537}","{'x': -4.13882603432442, 'y': -1.1389701197789344}",0.150000005960464,1:3
