,N of iteration,Number of discovered cells,Number of newly discovered cells,Pose of robot in origin frame,Pose of origin in map frame,Map resolution,Time passed
0,1,295,295,"{'x': 3.1756491337777444, 'y': 1.8902186005126782}","{'x': -3.1766224841941506, 'y': -1.8854075347067112}",0.15000000596046448,0:0
0,2,295,0,"{'x': 3.1756491337777444, 'y': 1.8902186005126782}","{'x': -3.1766224841941506, 'y': -1.8854075347067112}",0.15000000596046448,0:14
0,3,648,353,"{'x': 5.534181459762444, 'y': 3.0268854346560743}","{'x': -3.1766224841941506, 'y': -3.8259475486489594}",0.15000000596046448,0:14
0,4,648,0,"{'x': 5.534160270007501, 'y': 3.0269022855470578}","{'x': -3.1766224841941506, 'y': -3.8259475486489594}",0.15000000596046448,0:16
